"","REEF","Year","Scenario","REESSB","OM","Rho","Frequency","HCR"
"1",748.433111492915,2019,1,-13.0250238789797,1,"No rho-adjustment","Two year updates",1
"2",NA,2020,1,NA,1,"No rho-adjustment","Two year updates",1
"3",-48.1722645054159,2021,1,-18.6053754294989,1,"No rho-adjustment","Two year updates",1
"4",NA,2022,1,NA,1,"No rho-adjustment","Two year updates",1
"5",-59.4980027430353,2023,1,-9.65334104498931,1,"No rho-adjustment","Two year updates",1
"6",NA,2024,1,NA,1,"No rho-adjustment","Two year updates",1
"7",-40.5348974761446,2025,1,1.46955164033517,1,"No rho-adjustment","Two year updates",1
"8",NA,2026,1,NA,1,"No rho-adjustment","Two year updates",1
"9",-10.0787688480722,2027,1,-2.00613845499064,1,"No rho-adjustment","Two year updates",1
"10",NA,2028,1,NA,1,"No rho-adjustment","Two year updates",1
"11",0.382665189839119,2029,1,-7.24657253732396,1,"No rho-adjustment","Two year updates",1
"12",NA,2030,1,NA,1,"No rho-adjustment","Two year updates",1
"13",-3.1640994048022,2031,1,-8.65857616581096,1,"No rho-adjustment","Two year updates",1
"14",NA,2032,1,NA,1,"No rho-adjustment","Two year updates",1
"15",-6.74295439502079,2033,1,-3.88225096080111,1,"No rho-adjustment","Two year updates",1
"16",NA,2034,1,NA,1,"No rho-adjustment","Two year updates",1
"17",-4.40604802248593,2035,1,-2.2461823647467,1,"No rho-adjustment","Two year updates",1
"18",NA,2036,1,NA,1,"No rho-adjustment","Two year updates",1
"19",-2.18809006789015,2037,1,-6.24454219370059,1,"No rho-adjustment","Two year updates",1
"20",NA,2038,1,NA,1,"No rho-adjustment","Two year updates",1
"21",1.00537442881299,2039,1,-10.1541373154918,1,"No rho-adjustment","Two year updates",1
"22",991.156956187473,2019,2,-26.9382240463229,1,"No rho-adjustment","Two year updates",2
"23",NA,2020,2,NA,1,"No rho-adjustment","Two year updates",2
"24",11.6640490198668,2021,2,-26.6947407755545,1,"No rho-adjustment","Two year updates",2
"25",NA,2022,2,NA,1,"No rho-adjustment","Two year updates",2
"26",-34.6143136286576,2023,2,-24.562655767289,1,"No rho-adjustment","Two year updates",2
"27",NA,2024,2,NA,1,"No rho-adjustment","Two year updates",2
"28",-45.4401441701419,2025,2,-15.1367738388346,1,"No rho-adjustment","Two year updates",2
"29",NA,2026,2,NA,1,"No rho-adjustment","Two year updates",2
"30",-28.568814706937,2027,2,-11.8695317015023,1,"No rho-adjustment","Two year updates",2
"31",NA,2028,2,NA,1,"No rho-adjustment","Two year updates",2
"32",-4.7262609859019,2029,2,-4.70260492171977,1,"No rho-adjustment","Two year updates",2
"33",NA,2030,2,NA,1,"No rho-adjustment","Two year updates",2
"34",-2.90185584942478,2031,2,-3.20662962154437,1,"No rho-adjustment","Two year updates",2
"35",NA,2032,2,NA,1,"No rho-adjustment","Two year updates",2
"36",-1.36436767400651,2033,2,-1.46051714479803,1,"No rho-adjustment","Two year updates",2
"37",NA,2034,2,NA,1,"No rho-adjustment","Two year updates",2
"38",-0.0441670262021831,2035,2,-0.838266345093767,1,"No rho-adjustment","Two year updates",2
"39",NA,2036,2,NA,1,"No rho-adjustment","Two year updates",2
"40",0.116087131416417,2037,2,-1.56821358868371,1,"No rho-adjustment","Two year updates",2
"41",NA,2038,2,NA,1,"No rho-adjustment","Two year updates",2
"42",-0.642842093235553,2039,2,-0.79900756053526,1,"No rho-adjustment","Two year updates",2
"43",242.13379577018,2019,3,-25.4209821431026,1,"No rho-adjustment","Two year updates",3
"44",NA,2020,3,NA,1,"No rho-adjustment","Two year updates",3
"45",-2.89446586199501,2021,3,-19.8471356042111,1,"No rho-adjustment","Two year updates",3
"46",NA,2022,3,NA,1,"No rho-adjustment","Two year updates",3
"47",-2.11254202051445,2023,3,-19.3507524274336,1,"No rho-adjustment","Two year updates",3
"48",NA,2024,3,NA,1,"No rho-adjustment","Two year updates",3
"49",-3.59467138636979,2025,3,-14.1698214624685,1,"No rho-adjustment","Two year updates",3
"50",NA,2026,3,NA,1,"No rho-adjustment","Two year updates",3
"51",-5.83462156393675,2027,3,-11.5441905422212,1,"No rho-adjustment","Two year updates",3
"52",NA,2028,3,NA,1,"No rho-adjustment","Two year updates",3
"53",-7.93952208759919,2029,3,-6.98940501117535,1,"No rho-adjustment","Two year updates",3
"54",NA,2030,3,NA,1,"No rho-adjustment","Two year updates",3
"55",-7.67810589274846,2031,3,-3.55510237483239,1,"No rho-adjustment","Two year updates",3
"56",NA,2032,3,NA,1,"No rho-adjustment","Two year updates",3
"57",-7.13720051625802,2033,3,0.66727974704378,1,"No rho-adjustment","Two year updates",3
"58",NA,2034,3,NA,1,"No rho-adjustment","Two year updates",3
"59",-2.72397749073635,2035,3,0.811134194027209,1,"No rho-adjustment","Two year updates",3
"60",NA,2036,3,NA,1,"No rho-adjustment","Two year updates",3
"61",-2.01158785094283,2037,3,0.547663528281919,1,"No rho-adjustment","Two year updates",3
"62",NA,2038,3,NA,1,"No rho-adjustment","Two year updates",3
"63",-0.50226764391598,2039,3,-1.48614301937678,1,"No rho-adjustment","Two year updates",3
"64",145.675137886083,2019,4,-26.76240353614,1,"No rho-adjustment","Two year updates",4
"65",NA,2020,4,NA,1,"No rho-adjustment","Two year updates",4
"66",27.9746381061378,2021,4,-20.1621786352953,1,"No rho-adjustment","Two year updates",4
"67",NA,2022,4,NA,1,"No rho-adjustment","Two year updates",4
"68",135.89235914469,2023,4,-19.8833836862452,1,"No rho-adjustment","Two year updates",4
"69",NA,2024,4,NA,1,"No rho-adjustment","Two year updates",4
"70",21.4199989262662,2025,4,-17.7917958708802,1,"No rho-adjustment","Two year updates",4
"71",NA,2026,4,NA,1,"No rho-adjustment","Two year updates",4
"72",6.80426469402126,2027,4,-16.2161016991802,1,"No rho-adjustment","Two year updates",4
"73",NA,2028,4,NA,1,"No rho-adjustment","Two year updates",4
"74",-5.3389036194846,2029,4,-10.1967930494486,1,"No rho-adjustment","Two year updates",4
"75",NA,2030,4,NA,1,"No rho-adjustment","Two year updates",4
"76",-14.5579153961424,2031,4,-6.22034910607011,1,"No rho-adjustment","Two year updates",4
"77",NA,2032,4,NA,1,"No rho-adjustment","Two year updates",4
"78",-24.5562864459726,2033,4,-1.19494246936844,1,"No rho-adjustment","Two year updates",4
"79",NA,2034,4,NA,1,"No rho-adjustment","Two year updates",4
"80",-29.840064995735,2035,4,2.3280838732571,1,"No rho-adjustment","Two year updates",4
"81",NA,2036,4,NA,1,"No rho-adjustment","Two year updates",4
"82",-28.3340936979159,2037,4,5.29926200088137,1,"No rho-adjustment","Two year updates",4
"83",NA,2038,4,NA,1,"No rho-adjustment","Two year updates",4
"84",-21.6552729423066,2039,4,6.14743398231107,1,"No rho-adjustment","Two year updates",4
"85",367.984686830383,2019,5,2.30394546535534,3,"No rho-adjustment","Two year updates",1
"86",NA,2020,5,NA,3,"No rho-adjustment","Two year updates",1
"87",-1.14821489245811,2021,5,-14.1337464626803,3,"No rho-adjustment","Two year updates",1
"88",NA,2022,5,NA,3,"No rho-adjustment","Two year updates",1
"89",-52.1106591217838,2023,5,-3.64179199051584,3,"No rho-adjustment","Two year updates",1
"90",NA,2024,5,NA,3,"No rho-adjustment","Two year updates",1
"91",-70.3058080171062,2025,5,13.6501769808206,3,"No rho-adjustment","Two year updates",1
"92",NA,2026,5,NA,3,"No rho-adjustment","Two year updates",1
"93",-61.8676834695691,2027,5,23.0848014693432,3,"No rho-adjustment","Two year updates",1
"94",NA,2028,5,NA,3,"No rho-adjustment","Two year updates",1
"95",-43.1487385037344,2029,5,15.0311490760125,3,"No rho-adjustment","Two year updates",1
"96",NA,2030,5,NA,3,"No rho-adjustment","Two year updates",1
"97",-3.87373392577864,2031,5,-6.90112837458307,3,"No rho-adjustment","Two year updates",1
"98",NA,2032,5,NA,3,"No rho-adjustment","Two year updates",1
"99",45.8927623850986,2033,5,-17.1053348703586,3,"No rho-adjustment","Two year updates",1
"100",NA,2034,5,NA,3,"No rho-adjustment","Two year updates",1
"101",19.7690357513376,2035,5,-20.8449367836172,3,"No rho-adjustment","Two year updates",1
"102",NA,2036,5,NA,3,"No rho-adjustment","Two year updates",1
"103",-1.10974517690292,2037,5,-17.7246414237061,3,"No rho-adjustment","Two year updates",1
"104",NA,2038,5,NA,3,"No rho-adjustment","Two year updates",1
"105",-11.6752715408252,2039,5,-15.5660039330884,3,"No rho-adjustment","Two year updates",1
"106",261.624904122295,2019,6,1.54390966793539,3,"No rho-adjustment","Two year updates",2
"107",NA,2020,6,NA,3,"No rho-adjustment","Two year updates",2
"108",-23.426188198233,2021,6,-13.5555672579502,3,"No rho-adjustment","Two year updates",2
"109",NA,2022,6,NA,3,"No rho-adjustment","Two year updates",2
"110",-50.787051350962,2023,6,-2.14179792813754,3,"No rho-adjustment","Two year updates",2
"111",NA,2024,6,NA,3,"No rho-adjustment","Two year updates",2
"112",-59.7238086245732,2025,6,7.38079707769748,3,"No rho-adjustment","Two year updates",2
"113",NA,2026,6,NA,3,"No rho-adjustment","Two year updates",2
"114",-52.5800983885878,2027,6,8.83490645819465,3,"No rho-adjustment","Two year updates",2
"115",NA,2028,6,NA,3,"No rho-adjustment","Two year updates",2
"116",-26.3924167428217,2029,6,0.543161331511685,3,"No rho-adjustment","Two year updates",2
"117",NA,2030,6,NA,3,"No rho-adjustment","Two year updates",2
"118",10.9585457891521,2031,6,-13.1726022163847,3,"No rho-adjustment","Two year updates",2
"119",NA,2032,6,NA,3,"No rho-adjustment","Two year updates",2
"120",25.611295780135,2033,6,-17.1989513336203,3,"No rho-adjustment","Two year updates",2
"121",NA,2034,6,NA,3,"No rho-adjustment","Two year updates",2
"122",9.01522087224611,2035,6,-18.4331194988327,3,"No rho-adjustment","Two year updates",2
"123",NA,2036,6,NA,3,"No rho-adjustment","Two year updates",2
"124",-1.93768570400449,2037,6,-18.4479506596839,3,"No rho-adjustment","Two year updates",2
"125",NA,2038,6,NA,3,"No rho-adjustment","Two year updates",2
"126",-5.63593135462656,2039,6,-15.2608203177812,3,"No rho-adjustment","Two year updates",2
"127",71.3169341525998,2019,7,2.5201219474118,3,"No rho-adjustment","Two year updates",3
"128",NA,2020,7,NA,3,"No rho-adjustment","Two year updates",3
"129",-31.3791432765946,2021,7,-9.56463685130518,3,"No rho-adjustment","Two year updates",3
"130",NA,2022,7,NA,3,"No rho-adjustment","Two year updates",3
"131",-31.9611806633875,2023,7,-7.13424828320101,3,"No rho-adjustment","Two year updates",3
"132",NA,2024,7,NA,3,"No rho-adjustment","Two year updates",3
"133",-17.3053887153076,2025,7,-8.7007342886429,3,"No rho-adjustment","Two year updates",3
"134",NA,2026,7,NA,3,"No rho-adjustment","Two year updates",3
"135",-5.64625289194202,2027,7,-13.1234435960819,3,"No rho-adjustment","Two year updates",3
"136",NA,2028,7,NA,3,"No rho-adjustment","Two year updates",3
"137",-6.76510538807107,2029,7,-13.9112568666958,3,"No rho-adjustment","Two year updates",3
"138",NA,2030,7,NA,3,"No rho-adjustment","Two year updates",3
"139",-2.8667049092212,2031,7,-14.3407328110135,3,"No rho-adjustment","Two year updates",3
"140",NA,2032,7,NA,3,"No rho-adjustment","Two year updates",3
"141",-1.78775380394817,2033,7,-14.6769475908551,3,"No rho-adjustment","Two year updates",3
"142",NA,2034,7,NA,3,"No rho-adjustment","Two year updates",3
"143",-2.12737822329254,2035,7,-15.0791833317065,3,"No rho-adjustment","Two year updates",3
"144",NA,2036,7,NA,3,"No rho-adjustment","Two year updates",3
"145",0.986868853994832,2037,7,-15.3508798001987,3,"No rho-adjustment","Two year updates",3
"146",NA,2038,7,NA,3,"No rho-adjustment","Two year updates",3
"147",1.77949934330428,2039,7,-16.3715409518675,3,"No rho-adjustment","Two year updates",3
"148",125.312899003263,2019,8,2.22848995183357,3,"No rho-adjustment","Two year updates",4
"149",NA,2020,8,NA,3,"No rho-adjustment","Two year updates",4
"150",10.4720787525305,2021,8,-10.3480086254362,3,"No rho-adjustment","Two year updates",4
"151",NA,2022,8,NA,3,"No rho-adjustment","Two year updates",4
"152",-12.6207701778199,2023,8,-3.17893463705421,3,"No rho-adjustment","Two year updates",4
"153",NA,2024,8,NA,3,"No rho-adjustment","Two year updates",4
"154",-38.4128732602207,2025,8,7.4623649607868,3,"No rho-adjustment","Two year updates",4
"155",NA,2026,8,NA,3,"No rho-adjustment","Two year updates",4
"156",-38.7862987329243,2027,8,15.3183315930493,3,"No rho-adjustment","Two year updates",4
"157",NA,2028,8,NA,3,"No rho-adjustment","Two year updates",4
"158",-47.7728249843708,2029,8,25.6280705388615,3,"No rho-adjustment","Two year updates",4
"159",NA,2030,8,NA,3,"No rho-adjustment","Two year updates",4
"160",-51.6490695196817,2031,8,30.6884130754212,3,"No rho-adjustment","Two year updates",4
"161",NA,2032,8,NA,3,"No rho-adjustment","Two year updates",4
"162",-52.6695449077894,2033,8,26.600276598463,3,"No rho-adjustment","Two year updates",4
"163",NA,2034,8,NA,3,"No rho-adjustment","Two year updates",4
"164",-42.3570504804784,2035,8,11.3792119432328,3,"No rho-adjustment","Two year updates",4
"165",NA,2036,8,NA,3,"No rho-adjustment","Two year updates",4
"166",-13.0386432088715,2037,8,-6.69713040434089,3,"No rho-adjustment","Two year updates",4
"167",NA,2038,8,NA,3,"No rho-adjustment","Two year updates",4
"168",21.7091990317977,2039,8,-19.6151347853353,3,"No rho-adjustment","Two year updates",4
"169",1118.30885433788,2019,9,-21.9153539833803,4,"No rho-adjustment","Two year updates",1
"170",NA,2020,9,NA,4,"No rho-adjustment","Two year updates",1
"171",-9.90487522820481,2021,9,-18.4615939610979,4,"No rho-adjustment","Two year updates",1
"172",NA,2022,9,NA,4,"No rho-adjustment","Two year updates",1
"173",-49.626236605004,2023,9,-13.5039360188122,4,"No rho-adjustment","Two year updates",1
"174",NA,2024,9,NA,4,"No rho-adjustment","Two year updates",1
"175",-55.2280524562364,2025,9,-5.0587886157222,4,"No rho-adjustment","Two year updates",1
"176",NA,2026,9,NA,4,"No rho-adjustment","Two year updates",1
"177",-35.0944371020078,2027,9,-3.58206796608057,4,"No rho-adjustment","Two year updates",1
"178",NA,2028,9,NA,4,"No rho-adjustment","Two year updates",1
"179",-17.5612403749337,2029,9,4.99515568695011,4,"No rho-adjustment","Two year updates",1
"180",NA,2030,9,NA,4,"No rho-adjustment","Two year updates",1
"181",-16.8021861652538,2031,9,10.6435611837099,4,"No rho-adjustment","Two year updates",1
"182",NA,2032,9,NA,4,"No rho-adjustment","Two year updates",1
"183",-17.1785884851299,2033,9,19.1000948081972,4,"No rho-adjustment","Two year updates",1
"184",NA,2034,9,NA,4,"No rho-adjustment","Two year updates",1
"185",-18.458102776946,2035,9,23.0839251494242,4,"No rho-adjustment","Two year updates",1
"186",NA,2036,9,NA,4,"No rho-adjustment","Two year updates",1
"187",-13.5023028472259,2037,9,24.7955932404384,4,"No rho-adjustment","Two year updates",1
"188",NA,2038,9,NA,4,"No rho-adjustment","Two year updates",1
"189",-13.9757679215661,2039,9,12.3766635386401,4,"No rho-adjustment","Two year updates",1
"190",778.843736370688,2019,10,-22.9941636352855,4,"No rho-adjustment","Two year updates",2
"191",NA,2020,10,NA,4,"No rho-adjustment","Two year updates",2
"192",1.33431707773949,2021,10,-18.6362352189096,4,"No rho-adjustment","Two year updates",2
"193",NA,2022,10,NA,4,"No rho-adjustment","Two year updates",2
"194",-41.3773323120463,2023,10,-13.1521899169028,4,"No rho-adjustment","Two year updates",2
"195",NA,2024,10,NA,4,"No rho-adjustment","Two year updates",2
"196",-50.2988670651936,2025,10,-4.62251038716808,4,"No rho-adjustment","Two year updates",2
"197",NA,2026,10,NA,4,"No rho-adjustment","Two year updates",2
"198",-35.7490001161897,2027,10,-3.18289450044633,4,"No rho-adjustment","Two year updates",2
"199",NA,2028,10,NA,4,"No rho-adjustment","Two year updates",2
"200",-18.4651276419631,2029,10,5.87479260161111,4,"No rho-adjustment","Two year updates",2
"201",NA,2030,10,NA,4,"No rho-adjustment","Two year updates",2
"202",-18.2071816553426,2031,10,9.79497905133878,4,"No rho-adjustment","Two year updates",2
"203",NA,2032,10,NA,4,"No rho-adjustment","Two year updates",2
"204",-16.3819813667209,2033,10,19.3170009663947,4,"No rho-adjustment","Two year updates",2
"205",NA,2034,10,NA,4,"No rho-adjustment","Two year updates",2
"206",-17.5344839535993,2035,10,23.0330912606864,4,"No rho-adjustment","Two year updates",2
"207",NA,2036,10,NA,4,"No rho-adjustment","Two year updates",2
"208",-16.4071807963886,2037,10,25.3320690066312,4,"No rho-adjustment","Two year updates",2
"209",NA,2038,10,NA,4,"No rho-adjustment","Two year updates",2
"210",-12.6825426738941,2039,10,12.1764559165162,4,"No rho-adjustment","Two year updates",2
"211",195.424496189857,2019,11,-22.3466498165814,4,"No rho-adjustment","Two year updates",3
"212",NA,2020,11,NA,4,"No rho-adjustment","Two year updates",3
"213",-11.4157151028979,2021,11,-11.5720900975065,4,"No rho-adjustment","Two year updates",3
"214",NA,2022,11,NA,4,"No rho-adjustment","Two year updates",3
"215",-17.0632889240696,2023,11,-7.75961564239705,4,"No rho-adjustment","Two year updates",3
"216",NA,2024,11,NA,4,"No rho-adjustment","Two year updates",3
"217",-12.9260413999635,2025,11,-3.56275478800209,4,"No rho-adjustment","Two year updates",3
"218",NA,2026,11,NA,4,"No rho-adjustment","Two year updates",3
"219",-10.5679039951535,2027,11,-5.79558377061409,4,"No rho-adjustment","Two year updates",3
"220",NA,2028,11,NA,4,"No rho-adjustment","Two year updates",3
"221",-14.1874547658902,2029,11,0.679404752962915,4,"No rho-adjustment","Two year updates",3
"222",NA,2030,11,NA,4,"No rho-adjustment","Two year updates",3
"223",-16.506382999565,2031,11,4.52379567607038,4,"No rho-adjustment","Two year updates",3
"224",NA,2032,11,NA,4,"No rho-adjustment","Two year updates",3
"225",-16.2460028451333,2033,11,14.502441943219,4,"No rho-adjustment","Two year updates",3
"226",NA,2034,11,NA,4,"No rho-adjustment","Two year updates",3
"227",-15.6918317344495,2035,11,20.3028300314172,4,"No rho-adjustment","Two year updates",3
"228",NA,2036,11,NA,4,"No rho-adjustment","Two year updates",3
"229",-12.9935565899443,2037,11,22.6377868625822,4,"No rho-adjustment","Two year updates",3
"230",NA,2038,11,NA,4,"No rho-adjustment","Two year updates",3
"231",-11.0275518808775,2039,11,14.9705200318072,4,"No rho-adjustment","Two year updates",3
"232",108.958742296548,2019,12,-22.7239228239012,4,"No rho-adjustment","Two year updates",4
"233",NA,2020,12,NA,4,"No rho-adjustment","Two year updates",4
"234",13.8985865946021,2021,12,-9.82792249028338,4,"No rho-adjustment","Two year updates",4
"235",NA,2022,12,NA,4,"No rho-adjustment","Two year updates",4
"236",99.2820779407326,2023,12,-9.73284053354914,4,"No rho-adjustment","Two year updates",4
"237",NA,2024,12,NA,4,"No rho-adjustment","Two year updates",4
"238",4.67956448066934,2025,12,-8.71932622784377,4,"No rho-adjustment","Two year updates",4
"239",NA,2026,12,NA,4,"No rho-adjustment","Two year updates",4
"240",-4.00305899312733,2027,12,-9.67878478443139,4,"No rho-adjustment","Two year updates",4
"241",NA,2028,12,NA,4,"No rho-adjustment","Two year updates",4
"242",-13.1892538093356,2029,12,-3.11605066904311,4,"No rho-adjustment","Two year updates",4
"243",NA,2030,12,NA,4,"No rho-adjustment","Two year updates",4
"244",-23.5170207809528,2031,12,2.31135934930066,4,"No rho-adjustment","Two year updates",4
"245",NA,2032,12,NA,4,"No rho-adjustment","Two year updates",4
"246",-32.1667609259454,2033,12,12.005735850095,4,"No rho-adjustment","Two year updates",4
"247",NA,2034,12,NA,4,"No rho-adjustment","Two year updates",4
"248",-40.6680755508349,2035,12,20.4015881205705,4,"No rho-adjustment","Two year updates",4
"249",NA,2036,12,NA,4,"No rho-adjustment","Two year updates",4
"250",-35.3132613049066,2037,12,29.1214685852689,4,"No rho-adjustment","Two year updates",4
"251",NA,2038,12,NA,4,"No rho-adjustment","Two year updates",4
"252",-25.6029093980161,2039,12,24.8352053215814,4,"No rho-adjustment","Two year updates",4
"253",322.654852401113,2019,13,5.18493910591736,5,"No rho-adjustment","Two year updates",1
"254",NA,2020,13,NA,5,"No rho-adjustment","Two year updates",1
"255",-33.5786510795667,2021,13,-8.67044071928573,5,"No rho-adjustment","Two year updates",1
"256",NA,2022,13,NA,5,"No rho-adjustment","Two year updates",1
"257",-56.9975761737492,2023,13,5.0340299379694,5,"No rho-adjustment","Two year updates",1
"258",NA,2024,13,NA,5,"No rho-adjustment","Two year updates",1
"259",-66.4143662461411,2025,13,19.9208909259793,5,"No rho-adjustment","Two year updates",1
"260",NA,2026,13,NA,5,"No rho-adjustment","Two year updates",1
"261",-55.5750454510536,2027,13,18.3044283589973,5,"No rho-adjustment","Two year updates",1
"262",NA,2028,13,NA,5,"No rho-adjustment","Two year updates",1
"263",-32.4785687644401,2029,13,5.70887575156031,5,"No rho-adjustment","Two year updates",1
"264",NA,2030,13,NA,5,"No rho-adjustment","Two year updates",1
"265",13.4433804552025,2031,13,-6.21833315333912,5,"No rho-adjustment","Two year updates",1
"266",NA,2032,13,NA,5,"No rho-adjustment","Two year updates",1
"267",29.8687425626413,2033,13,-7.59101238620266,5,"No rho-adjustment","Two year updates",1
"268",NA,2034,13,NA,5,"No rho-adjustment","Two year updates",1
"269",13.5258667652473,2035,13,-11.0709046252864,5,"No rho-adjustment","Two year updates",1
"270",NA,2036,13,NA,5,"No rho-adjustment","Two year updates",1
"271",-2.3562948550098,2037,13,-11.7840038959975,5,"No rho-adjustment","Two year updates",1
"272",NA,2038,13,NA,5,"No rho-adjustment","Two year updates",1
"273",-7.24214320950402,2039,13,-15.8679304206027,5,"No rho-adjustment","Two year updates",1
"274",210.891653042568,2019,14,5.55786953847417,5,"No rho-adjustment","Two year updates",2
"275",NA,2020,14,NA,5,"No rho-adjustment","Two year updates",2
"276",-27.2747255798089,2021,14,-6.82408187684632,5,"No rho-adjustment","Two year updates",2
"277",NA,2022,14,NA,5,"No rho-adjustment","Two year updates",2
"278",-53.1883552020735,2023,14,4.51669552350474,5,"No rho-adjustment","Two year updates",2
"279",NA,2024,14,NA,5,"No rho-adjustment","Two year updates",2
"280",-59.6716108290705,2025,14,15.136661627227,5,"No rho-adjustment","Two year updates",2
"281",NA,2026,14,NA,5,"No rho-adjustment","Two year updates",2
"282",-52.5309977509262,2027,14,9.87611628810354,5,"No rho-adjustment","Two year updates",2
"283",NA,2028,14,NA,5,"No rho-adjustment","Two year updates",2
"284",-25.8177903144791,2029,14,2.61003507387516,5,"No rho-adjustment","Two year updates",2
"285",NA,2030,14,NA,5,"No rho-adjustment","Two year updates",2
"286",10.6092967955919,2031,14,-8.92408611622676,5,"No rho-adjustment","Two year updates",2
"287",NA,2032,14,NA,5,"No rho-adjustment","Two year updates",2
"288",22.1066760665459,2033,14,-7.96653847505489,5,"No rho-adjustment","Two year updates",2
"289",NA,2034,14,NA,5,"No rho-adjustment","Two year updates",2
"290",5.77945892966076,2035,14,-9.04718207445427,5,"No rho-adjustment","Two year updates",2
"291",NA,2036,14,NA,5,"No rho-adjustment","Two year updates",2
"292",0.507546047447326,2037,14,-13.129312636431,5,"No rho-adjustment","Two year updates",2
"293",NA,2038,14,NA,5,"No rho-adjustment","Two year updates",2
"294",0.429808100855456,2039,14,-16.3537683720673,5,"No rho-adjustment","Two year updates",2
"295",66.7155334670269,2019,15,3.79605282853067,5,"No rho-adjustment","Two year updates",3
"296",NA,2020,15,NA,5,"No rho-adjustment","Two year updates",3
"297",-34.6503461674139,2021,15,-4.83696525738156,5,"No rho-adjustment","Two year updates",3
"298",NA,2022,15,NA,5,"No rho-adjustment","Two year updates",3
"299",-36.7379059533578,2023,15,-1.4020990423545,5,"No rho-adjustment","Two year updates",3
"300",NA,2024,15,NA,5,"No rho-adjustment","Two year updates",3
"301",-17.7468368342624,2025,15,-4.55628478170144,5,"No rho-adjustment","Two year updates",3
"302",NA,2026,15,NA,5,"No rho-adjustment","Two year updates",3
"303",-6.50462815110692,2027,15,-13.7006646347799,5,"No rho-adjustment","Two year updates",3
"304",NA,2028,15,NA,5,"No rho-adjustment","Two year updates",3
"305",-1.67407214335126,2029,15,-10.9491880818222,5,"No rho-adjustment","Two year updates",3
"306",NA,2030,15,NA,5,"No rho-adjustment","Two year updates",3
"307",-6.26164854568508,2031,15,-9.78932343898402,5,"No rho-adjustment","Two year updates",3
"308",NA,2032,15,NA,5,"No rho-adjustment","Two year updates",3
"309",-11.0596926393111,2033,15,-2.2925076565266,5,"No rho-adjustment","Two year updates",3
"310",NA,2034,15,NA,5,"No rho-adjustment","Two year updates",3
"311",-9.26311734828881,2035,15,-2.51678213227612,5,"No rho-adjustment","Two year updates",3
"312",NA,2036,15,NA,5,"No rho-adjustment","Two year updates",3
"313",3.7157791881055,2037,15,-10.8028642996688,5,"No rho-adjustment","Two year updates",3
"314",NA,2038,15,NA,5,"No rho-adjustment","Two year updates",3
"315",16.011537256957,2039,15,-19.4651064046425,5,"No rho-adjustment","Two year updates",3
"316",116.600175943744,2019,16,5.22042902299426,5,"No rho-adjustment","Two year updates",4
"317",NA,2020,16,NA,5,"No rho-adjustment","Two year updates",4
"318",6.82522671876674,2021,16,-5.44300539309847,5,"No rho-adjustment","Two year updates",4
"319",NA,2022,16,NA,5,"No rho-adjustment","Two year updates",4
"320",-21.9860637395283,2023,16,1.28952645645359,5,"No rho-adjustment","Two year updates",4
"321",NA,2024,16,NA,5,"No rho-adjustment","Two year updates",4
"322",-41.5991134434869,2025,16,11.5500737849841,5,"No rho-adjustment","Two year updates",4
"323",NA,2026,16,NA,5,"No rho-adjustment","Two year updates",4
"324",-40.9711008442273,2027,16,17.3936282455512,5,"No rho-adjustment","Two year updates",4
"325",NA,2028,16,NA,5,"No rho-adjustment","Two year updates",4
"326",-48.2505379972324,2029,16,24.7890294339978,5,"No rho-adjustment","Two year updates",4
"327",NA,2030,16,NA,5,"No rho-adjustment","Two year updates",4
"328",-52.2135780241567,2031,16,28.0515767880829,5,"No rho-adjustment","Two year updates",4
"329",NA,2032,16,NA,5,"No rho-adjustment","Two year updates",4
"330",-50.5920148497195,2033,16,23.0739511919736,5,"No rho-adjustment","Two year updates",4
"331",NA,2034,16,NA,5,"No rho-adjustment","Two year updates",4
"332",-24.0017664938552,2035,16,7.78060406905066,5,"No rho-adjustment","Two year updates",4
"333",NA,2036,16,NA,5,"No rho-adjustment","Two year updates",4
"334",14.6844435759662,2037,16,-9.92767825602935,5,"No rho-adjustment","Two year updates",4
"335",NA,2038,16,NA,5,"No rho-adjustment","Two year updates",4
"336",58.8335815098497,2039,16,-22.8416928218693,5,"No rho-adjustment","Two year updates",4
"337",310.711714533483,2019,17,5.11120141189194,5,"Rho-adjustment","Two year updates",1
"338",NA,2020,17,NA,5,"Rho-adjustment","Two year updates",1
"339",-34.2817489641838,2021,17,-7.39759053545793,5,"Rho-adjustment","Two year updates",1
"340",NA,2022,17,NA,5,"Rho-adjustment","Two year updates",1
"341",-45.800929612455,2023,17,6.79114280038773,5,"Rho-adjustment","Two year updates",1
"342",NA,2024,17,NA,5,"Rho-adjustment","Two year updates",1
"343",-58.7410008162669,2025,17,21.1867180202582,5,"Rho-adjustment","Two year updates",1
"344",NA,2026,17,NA,5,"Rho-adjustment","Two year updates",1
"345",-54.732789257955,2027,17,22.9676626272817,5,"Rho-adjustment","Two year updates",1
"346",NA,2028,17,NA,5,"Rho-adjustment","Two year updates",1
"347",-39.4997954264932,2029,17,19.487431049172,5,"Rho-adjustment","Two year updates",1
"348",NA,2030,17,NA,5,"Rho-adjustment","Two year updates",1
"349",-13.4529941291832,2031,17,7.08607755752098,5,"Rho-adjustment","Two year updates",1
"350",NA,2032,17,NA,5,"Rho-adjustment","Two year updates",1
"351",-8.21311873039196,2033,17,5.63109331521501,5,"Rho-adjustment","Two year updates",1
"352",NA,2034,17,NA,5,"Rho-adjustment","Two year updates",1
"353",-16.1273232439805,2035,17,1.08434267927647,5,"Rho-adjustment","Two year updates",1
"354",NA,2036,17,NA,5,"Rho-adjustment","Two year updates",1
"355",-21.0942600083324,2037,17,-1.19895564069626,5,"Rho-adjustment","Two year updates",1
"356",NA,2038,17,NA,5,"Rho-adjustment","Two year updates",1
"357",-21.7287185106842,2039,17,-6.03866607967679,5,"Rho-adjustment","Two year updates",1
"358",247.896225685755,2019,18,2.24510722614485,5,"Rho-adjustment","Two year updates",2
"359",NA,2020,18,NA,5,"Rho-adjustment","Two year updates",2
"360",-24.8749551509295,2021,18,-11.0504144452555,5,"Rho-adjustment","Two year updates",2
"361",NA,2022,18,NA,5,"Rho-adjustment","Two year updates",2
"362",-41.8374359336855,2023,18,2.90043688023971,5,"Rho-adjustment","Two year updates",2
"363",NA,2024,18,NA,5,"Rho-adjustment","Two year updates",2
"364",-54.4567316197293,2025,18,15.3985486039543,5,"Rho-adjustment","Two year updates",2
"365",NA,2026,18,NA,5,"Rho-adjustment","Two year updates",2
"366",-50.1171088239013,2027,18,18.6269696167242,5,"Rho-adjustment","Two year updates",2
"367",NA,2028,18,NA,5,"Rho-adjustment","Two year updates",2
"368",-39.4465061138994,2029,18,17.2532840837103,5,"Rho-adjustment","Two year updates",2
"369",NA,2030,18,NA,5,"Rho-adjustment","Two year updates",2
"370",-13.0170198526967,2031,18,6.67241384431898,5,"Rho-adjustment","Two year updates",2
"371",NA,2032,18,NA,5,"Rho-adjustment","Two year updates",2
"372",-5.34841933611828,2033,18,3.05255453704808,5,"Rho-adjustment","Two year updates",2
"373",NA,2034,18,NA,5,"Rho-adjustment","Two year updates",2
"374",-15.2558930896967,2035,18,0.861678876855925,5,"Rho-adjustment","Two year updates",2
"375",NA,2036,18,NA,5,"Rho-adjustment","Two year updates",2
"376",-18.2562541423896,2037,18,-3.35496652607745,5,"Rho-adjustment","Two year updates",2
"377",NA,2038,18,NA,5,"Rho-adjustment","Two year updates",2
"378",-15.4704931490363,2039,18,-10.9973485568534,5,"Rho-adjustment","Two year updates",2
"379",59.633357041848,2019,19,4.50606151531306,5,"Rho-adjustment","Two year updates",3
"380",NA,2020,19,NA,5,"Rho-adjustment","Two year updates",3
"381",-35.4845244912108,2021,19,-3.14915878543214,5,"Rho-adjustment","Two year updates",3
"382",NA,2022,19,NA,5,"Rho-adjustment","Two year updates",3
"383",-27.64059923476,2023,19,0.704518047779883,5,"Rho-adjustment","Two year updates",3
"384",NA,2024,19,NA,5,"Rho-adjustment","Two year updates",3
"385",-14.7344761969798,2025,19,-3.4318858052217,5,"Rho-adjustment","Two year updates",3
"386",NA,2026,19,NA,5,"Rho-adjustment","Two year updates",3
"387",-5.85103599154698,2027,19,-7.10058148082819,5,"Rho-adjustment","Two year updates",3
"388",NA,2028,19,NA,5,"Rho-adjustment","Two year updates",3
"389",-8.71469477415123,2029,19,-3.4776043073506,5,"Rho-adjustment","Two year updates",3
"390",NA,2030,19,NA,5,"Rho-adjustment","Two year updates",3
"391",-20.6988070778222,2031,19,0.11586151521563,5,"Rho-adjustment","Two year updates",3
"392",NA,2032,19,NA,5,"Rho-adjustment","Two year updates",3
"393",-25.4187360990954,2033,19,7.39096986261969,5,"Rho-adjustment","Two year updates",3
"394",NA,2034,19,NA,5,"Rho-adjustment","Two year updates",3
"395",-19.1204544290008,2035,19,7.0223623419119,5,"Rho-adjustment","Two year updates",3
"396",NA,2036,19,NA,5,"Rho-adjustment","Two year updates",3
"397",-8.70310350638831,2037,19,-2.31589924312036,5,"Rho-adjustment","Two year updates",3
"398",NA,2038,19,NA,5,"Rho-adjustment","Two year updates",3
"399",1.61099247985448,2039,19,-10.8739753894438,5,"Rho-adjustment","Two year updates",3
"400",116.093311596512,2019,20,5.17788085438148,5,"Rho-adjustment","Two year updates",4
"401",NA,2020,20,NA,5,"Rho-adjustment","Two year updates",4
"402",5.82066170213578,2021,20,-5.38578655090252,5,"Rho-adjustment","Two year updates",4
"403",NA,2022,20,NA,5,"Rho-adjustment","Two year updates",4
"404",-9.01511127763106,2023,20,2.96398934363671,5,"Rho-adjustment","Two year updates",4
"405",NA,2024,20,NA,5,"Rho-adjustment","Two year updates",4
"406",-37.3872778643779,2025,20,11.8373157970503,5,"Rho-adjustment","Two year updates",4
"407",NA,2026,20,NA,5,"Rho-adjustment","Two year updates",4
"408",-39.2269173908901,2027,20,18.3310775807903,5,"Rho-adjustment","Two year updates",4
"409",NA,2028,20,NA,5,"Rho-adjustment","Two year updates",4
"410",-49.2447045677581,2029,20,33.2684722904279,5,"Rho-adjustment","Two year updates",4
"411",NA,2030,20,NA,5,"Rho-adjustment","Two year updates",4
"412",-54.6719875470008,2031,20,40.8104178740982,5,"Rho-adjustment","Two year updates",4
"413",NA,2032,20,NA,5,"Rho-adjustment","Two year updates",4
"414",-57.542652838244,2033,20,50.2653755990215,5,"Rho-adjustment","Two year updates",4
"415",NA,2034,20,NA,5,"Rho-adjustment","Two year updates",4
"416",-47.7698040697342,2035,20,39.528022918295,5,"Rho-adjustment","Two year updates",4
"417",NA,2036,20,NA,5,"Rho-adjustment","Two year updates",4
"418",-16.1513275546878,2037,20,10.9197810797648,5,"Rho-adjustment","Two year updates",4
"419",NA,2038,20,NA,5,"Rho-adjustment","Two year updates",4
"420",24.4228332193495,2039,20,-12.7481725986361,5,"Rho-adjustment","Two year updates",4
"421",108.585728516442,2019,21,8.2241123703032,5,"No rho-adjustment","Annual updates",1
"422",-38.2600196529482,2020,21,12.7334406827623,5,"No rho-adjustment","Annual updates",1
"423",-45.4365184106473,2021,21,17.215169246135,5,"No rho-adjustment","Annual updates",1
"424",-51.2362212971676,2022,21,23.8041703269404,5,"No rho-adjustment","Annual updates",1
"425",-49.2345217340569,2023,21,27.1782446778919,5,"No rho-adjustment","Annual updates",1
"426",-48.3840984245364,2024,21,25.1072349475541,5,"No rho-adjustment","Annual updates",1
"427",-35.1423991221269,2025,21,19.9036698942167,5,"No rho-adjustment","Annual updates",1
"428",-24.8803188334298,2026,21,9.49904194800213,5,"No rho-adjustment","Annual updates",1
"429",-12.8080326544198,2027,21,3.26208064301475,5,"No rho-adjustment","Annual updates",1
"430",-13.5417829205667,2028,21,-0.589520551446929,5,"No rho-adjustment","Annual updates",1
"431",-8.43057850985427,2029,21,-4.03471988302777,5,"No rho-adjustment","Annual updates",1
"432",-9.79611074569593,2030,21,-5.37448981116732,5,"No rho-adjustment","Annual updates",1
"433",-6.0069766403045,2031,21,-6.47144309475705,5,"No rho-adjustment","Annual updates",1
"434",-7.9356865283643,2032,21,-6.90575542336587,5,"No rho-adjustment","Annual updates",1
"435",-7.76366354508145,2033,21,-7.43915008629665,5,"No rho-adjustment","Annual updates",1
"436",-5.26242076093674,2034,21,-8.69250786993413,5,"No rho-adjustment","Annual updates",1
"437",-4.68697555299706,2035,21,-10.7365158202355,5,"No rho-adjustment","Annual updates",1
"438",-1.24853129548014,2036,21,-9.7798256262519,5,"No rho-adjustment","Annual updates",1
"439",-2.92029841862982,2037,21,-11.0854004470005,5,"No rho-adjustment","Annual updates",1
"440",2.23897251182155,2038,21,-12.2234877306557,5,"No rho-adjustment","Annual updates",1
"441",2.59110900153773,2039,21,-13.2385968431161,5,"No rho-adjustment","Annual updates",1
"442",58.90366125,2019,22,10.3193029210006,5,"No rho-adjustment","Annual updates",2
"443",NA,2020,22,NA,5,"No rho-adjustment","Annual updates",2
"444",-40.78110884,2021,22,17.2050179602189,5,"No rho-adjustment","Annual updates",2
"445",NA,2022,22,NA,5,"No rho-adjustment","Annual updates",2
"446",-44.07621552,2023,22,22.6816393408539,5,"No rho-adjustment","Annual updates",2
"447",NA,2024,22,NA,5,"No rho-adjustment","Annual updates",2
"448",-27.80317419,2025,22,13.3563050674091,5,"No rho-adjustment","Annual updates",2
"449",NA,2026,22,NA,5,"No rho-adjustment","Annual updates",2
"450",-10.1375191,2027,22,-1.85651350063096,5,"No rho-adjustment","Annual updates",2
"451",NA,2028,22,NA,5,"No rho-adjustment","Annual updates",2
"452",-7.326173983,2029,22,-8.17215323561089,5,"No rho-adjustment","Annual updates",2
"453",NA,2030,22,NA,5,"No rho-adjustment","Annual updates",2
"454",-3.966793884,2031,22,-10.1287406076064,5,"No rho-adjustment","Annual updates",2
"455",NA,2032,22,NA,5,"No rho-adjustment","Annual updates",2
"456",-0.445405544,2033,22,-12.416221402794,5,"No rho-adjustment","Annual updates",2
"457",NA,2034,22,NA,5,"No rho-adjustment","Annual updates",2
"458",-1.139726038,2035,22,-13.1510019528394,5,"No rho-adjustment","Annual updates",2
"459",NA,2036,22,NA,5,"No rho-adjustment","Annual updates",2
"460",2.939165218,2037,22,-14.6530600276378,5,"No rho-adjustment","Annual updates",2
"461",NA,2038,22,NA,5,"No rho-adjustment","Annual updates",2
"462",8.29122945,2039,22,-17.8419116313836,5,"No rho-adjustment","Annual updates",2
"463",-16.74070015,2019,23,7.75785876429362,5,"No rho-adjustment","Annual updates",3
"464",NA,2020,23,NA,5,"No rho-adjustment","Annual updates",3
"465",-23.60347669,2021,23,11.2986368389921,5,"No rho-adjustment","Annual updates",3
"466",NA,2022,23,NA,5,"No rho-adjustment","Annual updates",3
"467",-23.0750557,2023,23,7.87530984722824,5,"No rho-adjustment","Annual updates",3
"468",NA,2024,23,NA,5,"No rho-adjustment","Annual updates",3
"469",-13.0429101,2025,23,2.2041213379185,5,"No rho-adjustment","Annual updates",3
"470",NA,2026,23,NA,5,"No rho-adjustment","Annual updates",3
"471",-10.40166037,2027,23,-1.39362392307072,5,"No rho-adjustment","Annual updates",3
"472",NA,2028,23,NA,5,"No rho-adjustment","Annual updates",3
"473",-12.38192391,2029,23,-2.1410400174705,5,"No rho-adjustment","Annual updates",3
"474",NA,2030,23,NA,5,"No rho-adjustment","Annual updates",3
"475",-9.493996159,2031,23,-4.55832851054856,5,"No rho-adjustment","Annual updates",3
"476",NA,2032,23,NA,5,"No rho-adjustment","Annual updates",3
"477",-6.453008778,2033,23,-5.8925613126332,5,"No rho-adjustment","Annual updates",3
"478",NA,2034,23,NA,5,"No rho-adjustment","Annual updates",3
"479",-4.327779511,2035,23,-9.92420872514393,5,"No rho-adjustment","Annual updates",3
"480",NA,2036,23,NA,5,"No rho-adjustment","Annual updates",3
"481",1.949541059,2037,23,-12.1468192230971,5,"No rho-adjustment","Annual updates",3
"482",NA,2038,23,NA,5,"No rho-adjustment","Annual updates",3
"483",2.951592995,2039,23,-13.8693398297488,5,"No rho-adjustment","Annual updates",3
"484",10.94097992,2019,24,6.82036169564231,5,"No rho-adjustment","Annual updates",4
"485",NA,2020,24,NA,5,"No rho-adjustment","Annual updates",4
"486",-20.78473476,2021,24,15.4934957739249,5,"No rho-adjustment","Annual updates",4
"487",NA,2022,24,NA,5,"No rho-adjustment","Annual updates",4
"488",-35.79204052,2023,24,23.5271707724632,5,"No rho-adjustment","Annual updates",4
"489",NA,2024,24,NA,5,"No rho-adjustment","Annual updates",4
"490",-36.73465317,2025,24,29.4407619971519,5,"No rho-adjustment","Annual updates",4
"491",NA,2026,24,NA,5,"No rho-adjustment","Annual updates",4
"492",-40.30106925,2027,24,29.6389518853968,5,"No rho-adjustment","Annual updates",4
"493",NA,2028,24,NA,5,"No rho-adjustment","Annual updates",4
"494",-43.08672758,2029,24,28.0517389893307,5,"No rho-adjustment","Annual updates",4
"495",NA,2030,24,NA,5,"No rho-adjustment","Annual updates",4
"496",-39.37929278,2031,24,18.1100176509826,5,"No rho-adjustment","Annual updates",4
"497",NA,2032,24,NA,5,"No rho-adjustment","Annual updates",4
"498",-19.5140377,2033,24,2.14060335662973,5,"No rho-adjustment","Annual updates",4
"499",NA,2034,24,NA,5,"No rho-adjustment","Annual updates",4
"500",8.703923558,2035,24,-12.4774724955146,5,"No rho-adjustment","Annual updates",4
"501",NA,2036,24,NA,5,"No rho-adjustment","Annual updates",4
"502",19.20444863,2037,24,-18.2412149138497,5,"No rho-adjustment","Annual updates",4
"503",NA,2038,24,NA,5,"No rho-adjustment","Annual updates",4
"504",9.983514052,2039,24,-17.8661241008733,5,"No rho-adjustment","Annual updates",4
"505",-83.96792033,2019,25,-1.95641809838916,2,"No rho-adjustment","Two year updates",1
"506",NA,2020,25,NA,2,"No rho-adjustment","Two year updates",1
"507",-6.815832795,2021,25,25.7417089926721,2,"No rho-adjustment","Two year updates",1
"508",NA,2022,25,NA,2,"No rho-adjustment","Two year updates",1
"509",23.21074064,2023,25,11.9079824855385,2,"No rho-adjustment","Two year updates",1
"510",NA,2024,25,NA,2,"No rho-adjustment","Two year updates",1
"511",1.388327326,2025,25,3.40965277690178,2,"No rho-adjustment","Two year updates",1
"512",NA,2026,25,NA,2,"No rho-adjustment","Two year updates",1
"513",-1.078431524,2027,25,1.66573381251356,2,"No rho-adjustment","Two year updates",1
"514",NA,2028,25,NA,2,"No rho-adjustment","Two year updates",1
"515",-1.589215445,2029,25,1.55479780925988,2,"No rho-adjustment","Two year updates",1
"516",NA,2030,25,NA,2,"No rho-adjustment","Two year updates",1
"517",-3.421518936,2031,25,2.00118833254153,2,"No rho-adjustment","Two year updates",1
"518",NA,2032,25,NA,2,"No rho-adjustment","Two year updates",1
"519",-3.218232168,2033,25,3.63001460283477,2,"No rho-adjustment","Two year updates",1
"520",NA,2034,25,NA,2,"No rho-adjustment","Two year updates",1
"521",-4.954402071,2035,25,3.22755681873721,2,"No rho-adjustment","Two year updates",1
"522",NA,2036,25,NA,2,"No rho-adjustment","Two year updates",1
"523",-3.486559108,2037,25,3.97741875717368,2,"No rho-adjustment","Two year updates",1
"524",NA,2038,25,NA,2,"No rho-adjustment","Two year updates",1
"525",-3.979949503,2039,25,4.1407283041198,2,"No rho-adjustment","Two year updates",1
"526",-83.85284469,2019,26,-2.02908839182665,2,"No rho-adjustment","Two year updates",2
"527",NA,2020,26,NA,2,"No rho-adjustment","Two year updates",2
"528",-7.555352869,2021,26,25.9964530392623,2,"No rho-adjustment","Two year updates",2
"529",NA,2022,26,NA,2,"No rho-adjustment","Two year updates",2
"530",29.99219648,2023,26,10.3303664250638,2,"No rho-adjustment","Two year updates",2
"531",NA,2024,26,NA,2,"No rho-adjustment","Two year updates",2
"532",2.44122529,2025,26,3.97372943475139,2,"No rho-adjustment","Two year updates",2
"533",NA,2026,26,NA,2,"No rho-adjustment","Two year updates",2
"534",-1.204018458,2027,26,1.87146687586799,2,"No rho-adjustment","Two year updates",2
"535",NA,2028,26,NA,2,"No rho-adjustment","Two year updates",2
"536",-0.789893306,2029,26,4.63943713699938,2,"No rho-adjustment","Two year updates",2
"537",NA,2030,26,NA,2,"No rho-adjustment","Two year updates",2
"538",-1.696597207,2031,26,2.00895413204551,2,"No rho-adjustment","Two year updates",2
"539",NA,2032,26,NA,2,"No rho-adjustment","Two year updates",2
"540",-3.473716381,2033,26,4.24359056978527,2,"No rho-adjustment","Two year updates",2
"541",NA,2034,26,NA,2,"No rho-adjustment","Two year updates",2
"542",-3.338945169,2035,26,3.71673245208642,2,"No rho-adjustment","Two year updates",2
"543",NA,2036,26,NA,2,"No rho-adjustment","Two year updates",2
"544",-0.721681461,2037,26,2.35351596053417,2,"No rho-adjustment","Two year updates",2
"545",NA,2038,26,NA,2,"No rho-adjustment","Two year updates",2
"546",-3.970427699,2039,26,1.47401470707355,2,"No rho-adjustment","Two year updates",2
"547",-83.77398298,2019,27,-2.17671181514469,2,"No rho-adjustment","Two year updates",3
"548",NA,2020,27,NA,2,"No rho-adjustment","Two year updates",3
"549",-6.264962754,2021,27,25.3400894487607,2,"No rho-adjustment","Two year updates",3
"550",NA,2022,27,NA,2,"No rho-adjustment","Two year updates",3
"551",25.74834493,2023,27,10.0456711463142,2,"No rho-adjustment","Two year updates",3
"552",NA,2024,27,NA,2,"No rho-adjustment","Two year updates",3
"553",2.824456952,2025,27,3.44993138834713,2,"No rho-adjustment","Two year updates",3
"554",NA,2026,27,NA,2,"No rho-adjustment","Two year updates",3
"555",-4.175511946,2027,27,1.99510824463662,2,"No rho-adjustment","Two year updates",3
"556",NA,2028,27,NA,2,"No rho-adjustment","Two year updates",3
"557",-2.676898875,2029,27,2.67201603515908,2,"No rho-adjustment","Two year updates",3
"558",NA,2030,27,NA,2,"No rho-adjustment","Two year updates",3
"559",-2.662038479,2031,27,4.66342384077404,2,"No rho-adjustment","Two year updates",3
"560",NA,2032,27,NA,2,"No rho-adjustment","Two year updates",3
"561",-3.445798277,2033,27,5.53878717053675,2,"No rho-adjustment","Two year updates",3
"562",NA,2034,27,NA,2,"No rho-adjustment","Two year updates",3
"563",-4.048284373,2035,27,4.77714550047821,2,"No rho-adjustment","Two year updates",3
"564",NA,2036,27,NA,2,"No rho-adjustment","Two year updates",3
"565",-3.551862296,2037,27,4.45835645455028,2,"No rho-adjustment","Two year updates",3
"566",NA,2038,27,NA,2,"No rho-adjustment","Two year updates",3
"567",-2.791891681,2039,27,2.44015534328519,2,"No rho-adjustment","Two year updates",3
"568",307.4467862,2019,28,-2.01669132169835,2,"No rho-adjustment","Two year updates",4
"569",NA,2020,28,NA,2,"No rho-adjustment","Two year updates",4
"570",13.52437972,2021,28,-3.00184286047222,2,"No rho-adjustment","Two year updates",4
"571",NA,2022,28,NA,2,"No rho-adjustment","Two year updates",4
"572",-45.13122997,2023,28,-5.02069642349188,2,"No rho-adjustment","Two year updates",4
"573",NA,2024,28,NA,2,"No rho-adjustment","Two year updates",4
"574",-36.95418366,2025,28,-0.957382582116407,2,"No rho-adjustment","Two year updates",4
"575",NA,2026,28,NA,2,"No rho-adjustment","Two year updates",4
"576",-30.32249263,2027,28,0.282602312968291,2,"No rho-adjustment","Two year updates",4
"577",NA,2028,28,NA,2,"No rho-adjustment","Two year updates",4
"578",-34.89673779,2029,28,-0.0706166974378664,2,"No rho-adjustment","Two year updates",4
"579",NA,2030,28,NA,2,"No rho-adjustment","Two year updates",4
"580",-34.46141447,2031,28,1.94293824358427,2,"No rho-adjustment","Two year updates",4
"581",NA,2032,28,NA,2,"No rho-adjustment","Two year updates",4
"582",-33.93324656,2033,28,4.13019196051532,2,"No rho-adjustment","Two year updates",4
"583",NA,2034,28,NA,2,"No rho-adjustment","Two year updates",4
"584",-30.75745764,2035,28,5.66582837751662,2,"No rho-adjustment","Two year updates",4
"585",NA,2036,28,NA,2,"No rho-adjustment","Two year updates",4
"586",-17.04582307,2037,28,6.48856470654252,2,"No rho-adjustment","Two year updates",4
"587",NA,2038,28,NA,2,"No rho-adjustment","Two year updates",4
"588",-9.35694487,2039,28,6.91875179935467,2,"No rho-adjustment","Two year updates",4
"589",-84.0505612,2019,29,-2.15019497886857,6,"No rho-adjustment","Two year updates",1
"590",NA,2020,29,NA,6,"No rho-adjustment","Two year updates",1
"591",-7.182203774,2021,29,26.1373649825922,6,"No rho-adjustment","Two year updates",1
"592",NA,2022,29,NA,6,"No rho-adjustment","Two year updates",1
"593",31.01449362,2023,29,9.04847663475463,6,"No rho-adjustment","Two year updates",1
"594",NA,2024,29,NA,6,"No rho-adjustment","Two year updates",1
"595",14.88485819,2025,29,-2.33969889005051,6,"No rho-adjustment","Two year updates",1
"596",NA,2026,29,NA,6,"No rho-adjustment","Two year updates",1
"597",9.92159528,2027,29,-6.17304582221442,6,"No rho-adjustment","Two year updates",1
"598",NA,2028,29,NA,6,"No rho-adjustment","Two year updates",1
"599",11.78346905,2029,29,-5.80084264093734,6,"No rho-adjustment","Two year updates",1
"600",NA,2030,29,NA,6,"No rho-adjustment","Two year updates",1
"601",9.704864572,2031,29,-7.01524311168734,6,"No rho-adjustment","Two year updates",1
"602",NA,2032,29,NA,6,"No rho-adjustment","Two year updates",1
"603",15.18213752,2033,29,-9.17341607267222,6,"No rho-adjustment","Two year updates",1
"604",NA,2034,29,NA,6,"No rho-adjustment","Two year updates",1
"605",17.59095361,2035,29,-9.84106296796996,6,"No rho-adjustment","Two year updates",1
"606",NA,2036,29,NA,6,"No rho-adjustment","Two year updates",1
"607",15.97285099,2037,29,-9.06768064580114,6,"No rho-adjustment","Two year updates",1
"608",NA,2038,29,NA,6,"No rho-adjustment","Two year updates",1
"609",11.21489864,2039,29,-10.9841527440118,6,"No rho-adjustment","Two year updates",1
"610",-83.50430427,2019,30,-2.84991077038533,6,"No rho-adjustment","Two year updates",2
"611",NA,2020,30,NA,6,"No rho-adjustment","Two year updates",2
"612",-6.075968774,2021,30,23.9824232243447,6,"No rho-adjustment","Two year updates",2
"613",NA,2022,30,NA,6,"No rho-adjustment","Two year updates",2
"614",40.0775431,2023,30,4.90816814663129,6,"No rho-adjustment","Two year updates",2
"615",NA,2024,30,NA,6,"No rho-adjustment","Two year updates",2
"616",14.45425318,2025,30,-3.79618898086523,6,"No rho-adjustment","Two year updates",2
"617",NA,2026,30,NA,6,"No rho-adjustment","Two year updates",2
"618",10.69712909,2027,30,-5.10875314826825,6,"No rho-adjustment","Two year updates",2
"619",NA,2028,30,NA,6,"No rho-adjustment","Two year updates",2
"620",12.68941997,2029,30,-6.26813514306909,6,"No rho-adjustment","Two year updates",2
"621",NA,2030,30,NA,6,"No rho-adjustment","Two year updates",2
"622",13.10550136,2031,30,-8.08265081588954,6,"No rho-adjustment","Two year updates",2
"623",NA,2032,30,NA,6,"No rho-adjustment","Two year updates",2
"624",15.91709486,2033,30,-8.518996925635,6,"No rho-adjustment","Two year updates",2
"625",NA,2034,30,NA,6,"No rho-adjustment","Two year updates",2
"626",18.50509361,2035,30,-11.5650728789179,6,"No rho-adjustment","Two year updates",2
"627",NA,2036,30,NA,6,"No rho-adjustment","Two year updates",2
"628",17.27376776,2037,30,-10.6740205311671,6,"No rho-adjustment","Two year updates",2
"629",NA,2038,30,NA,6,"No rho-adjustment","Two year updates",2
"630",11.81899833,2039,30,-11.2572619826412,6,"No rho-adjustment","Two year updates",2
"631",-83.81973176,2019,31,-2.47255579260964,6,"No rho-adjustment","Two year updates",3
"632",NA,2020,31,NA,6,"No rho-adjustment","Two year updates",3
"633",-6.490350945,2021,31,24.775981706692,6,"No rho-adjustment","Two year updates",3
"634",NA,2022,31,NA,6,"No rho-adjustment","Two year updates",3
"635",30.17342631,2023,31,5.34086120197492,6,"No rho-adjustment","Two year updates",3
"636",NA,2024,31,NA,6,"No rho-adjustment","Two year updates",3
"637",18.19317843,2025,31,-1.94886683302643,6,"No rho-adjustment","Two year updates",3
"638",NA,2026,31,NA,6,"No rho-adjustment","Two year updates",3
"639",11.34761644,2027,31,-5.39843132034496,6,"No rho-adjustment","Two year updates",3
"640",NA,2028,31,NA,6,"No rho-adjustment","Two year updates",3
"641",10.45756463,2029,31,-7.4383181135646,6,"No rho-adjustment","Two year updates",3
"642",NA,2030,31,NA,6,"No rho-adjustment","Two year updates",3
"643",11.54607781,2031,31,-9.39766150196102,6,"No rho-adjustment","Two year updates",3
"644",NA,2032,31,NA,6,"No rho-adjustment","Two year updates",3
"645",14.78413,2033,31,-7.67416094308349,6,"No rho-adjustment","Two year updates",3
"646",NA,2034,31,NA,6,"No rho-adjustment","Two year updates",3
"647",18.48171393,2035,31,-10.8340731225609,6,"No rho-adjustment","Two year updates",3
"648",NA,2036,31,NA,6,"No rho-adjustment","Two year updates",3
"649",15.30790734,2037,31,-11.2322547039362,6,"No rho-adjustment","Two year updates",3
"650",NA,2038,31,NA,6,"No rho-adjustment","Two year updates",3
"651",11.8792031,2039,31,-10.4802641184691,6,"No rho-adjustment","Two year updates",3
"652",308.5150213,2019,32,-2.33774161822212,6,"No rho-adjustment","Two year updates",4
"653",NA,2020,32,NA,6,"No rho-adjustment","Two year updates",4
"654",14.06810831,2021,32,-2.91727966750102,6,"No rho-adjustment","Two year updates",4
"655",NA,2022,32,NA,6,"No rho-adjustment","Two year updates",4
"656",-42.75826405,2023,32,-7.65695307702211,6,"No rho-adjustment","Two year updates",4
"657",NA,2024,32,NA,6,"No rho-adjustment","Two year updates",4
"658",-33.9044414,2025,32,-5.75647072270552,6,"No rho-adjustment","Two year updates",4
"659",NA,2026,32,NA,6,"No rho-adjustment","Two year updates",4
"660",-26.07517288,2027,32,-6.09069929620123,6,"No rho-adjustment","Two year updates",4
"661",NA,2028,32,NA,6,"No rho-adjustment","Two year updates",4
"662",-30.15237888,2029,32,-8.52827973814561,6,"No rho-adjustment","Two year updates",4
"663",NA,2030,32,NA,6,"No rho-adjustment","Two year updates",4
"664",-26.04623475,2031,32,-9.96049181371739,6,"No rho-adjustment","Two year updates",4
"665",NA,2032,32,NA,6,"No rho-adjustment","Two year updates",4
"666",-17.84664803,2033,32,-12.52720926181,6,"No rho-adjustment","Two year updates",4
"667",NA,2034,32,NA,6,"No rho-adjustment","Two year updates",4
"668",-3.969886456,2035,32,-13.8475432628024,6,"No rho-adjustment","Two year updates",4
"669",NA,2036,32,NA,6,"No rho-adjustment","Two year updates",4
"670",10.65374562,2037,32,-11.9142347928429,6,"No rho-adjustment","Two year updates",4
"671",NA,2038,32,NA,6,"No rho-adjustment","Two year updates",4
"672",14.65487728,2039,32,-12.2176472626824,6,"No rho-adjustment","Two year updates",4
